02.04.2025,@i.s.abakumova
03.04.2025,@a.peresada
04.04.2025,@v.artemenko
07.04.2025,@a.borovskaya
08.04.2025,@m.rybleva
09.04.2025,@a.yanut
10.04.2025,@m.liukkonen
11.04.2025,@e.podgaevskiy
14.04.2025,@ser.v.grigorev
15.04.2025,@i.s.abakumova
16.04.2025,@a.peresada
17.04.2025,@v.artemenko
18.04.2025,@m.rybleva
21.04.2025,@a.borovskaya
22.04.2025,@a.yanut
23.04.2025,@m.liukkonen
24.04.2025,@e.podgaevskiy
25.04.2025,@ser.v.grigorev
28.04.2025,@a.peresada
29.30.2025,@i.s.abakumova
30.04.2025,@a.yanut
